{
  "layer1": {
    "rsync": 0.010381899397079257,
    "mean_sc": 8.38,
    "max_sc": 26.0,
    "sparseness": 0.9928344481605351,
    "rate_of_fire": 8.38
  },
  "layer2": {
    "rsync": 0.012327947450450164,
    "mean_sc": 7.626666666666667,
    "max_sc": 26.0,
    "sparseness": 0.9937792642140468,
    "rate_of_fire": 7.626666666666667
  },
  "layer3": {
    "rsync": 0.014012017261778786,
    "mean_sc": 7.086666666666667,
    "max_sc": 36.0,
    "sparseness": 0.9944565217391305,
    "rate_of_fire": 7.086666666666667
  }
}