{
  "layer1": {
    "rsync": 0.008271188614962724,
    "mean_sc": 7.6066666666666665,
    "max_sc": 22.0,
    "sparseness": 0.993804347826087,
    "rate_of_fire": 7.6066666666666665
  },
  "layer2": {
    "rsync": 0.008254923963707217,
    "mean_sc": 7.48,
    "max_sc": 22.0,
    "sparseness": 0.9939632107023412,
    "rate_of_fire": 7.48
  },
  "layer3": {
    "rsync": 0.007827770652588781,
    "mean_sc": 6.88,
    "max_sc": 22.0,
    "sparseness": 0.9947157190635451,
    "rate_of_fire": 6.88
  }
}