{
  "layer1": {
    "rsync": 0.008271188614962724,
    "mean_sc": 7.6066666666666665,
    "max_sc": 22.0,
    "sparseness": 0.993804347826087,
    "rate_of_fire": 7.6066666666666665
  },
  "layer2": {
    "rsync": 0.008103616162033388,
    "mean_sc": 7.6,
    "max_sc": 22.0,
    "sparseness": 0.9938127090301003,
    "rate_of_fire": 7.6
  },
  "layer3": {
    "rsync": 0.008115478220502305,
    "mean_sc": 7.58,
    "max_sc": 22.0,
    "sparseness": 0.9938377926421404,
    "rate_of_fire": 7.58
  }
}