{
  "layer1": {
    "rsync": 0.008283086079362048,
    "mean_sc": 7.613333333333333,
    "max_sc": 26.0,
    "sparseness": 0.9937959866220736,
    "rate_of_fire": 7.613333333333333
  },
  "layer2": {
    "rsync": 0.008129775892501068,
    "mean_sc": 7.6066666666666665,
    "max_sc": 26.0,
    "sparseness": 0.993804347826087,
    "rate_of_fire": 7.6066666666666665
  },
  "layer3": {
    "rsync": 0.00822782455177741,
    "mean_sc": 7.513333333333334,
    "max_sc": 26.0,
    "sparseness": 0.9939214046822742,
    "rate_of_fire": 7.513333333333334
  }
}