{
  "layer1": {
    "rsync": 0.008513592812757162,
    "mean_sc": 7.673333333333333,
    "max_sc": 22.0,
    "sparseness": 0.9937207357859531,
    "rate_of_fire": 7.673333333333333
  },
  "layer2": {
    "rsync": 0.00838248767150928,
    "mean_sc": 7.84,
    "max_sc": 22.0,
    "sparseness": 0.9935117056856186,
    "rate_of_fire": 7.84
  },
  "layer3": {
    "rsync": 0.00864201672124001,
    "mean_sc": 7.973333333333334,
    "max_sc": 22.0,
    "sparseness": 0.9933444816053512,
    "rate_of_fire": 7.973333333333334
  }
}