{
  "layer1": {
    "rsync": 0.02091976599050229,
    "mean_sc": 8.753333333333334,
    "max_sc": 30.0,
    "sparseness": 0.992366220735786,
    "rate_of_fire": 8.753333333333334
  },
  "layer2": {
    "rsync": 0.0,
    "mean_sc": 0.0,
    "max_sc": 0.0,
    "sparseness": 0.0,
    "rate_of_fire": 0.0
  },
  "layer3": {
    "rsync": 0.0,
    "mean_sc": 0.0,
    "max_sc": 0.0,
    "sparseness": 0.0,
    "rate_of_fire": 0.0
  }
}