{
  "layer1": {
    "rsync": 0.007475136874424466,
    "mean_sc": 7.613333333333333,
    "max_sc": 22.0,
    "sparseness": 0.9937959866220736,
    "rate_of_fire": 7.613333333333333
  },
  "layer2": {
    "rsync": 0.0073363470484711394,
    "mean_sc": 7.573333333333333,
    "max_sc": 22.0,
    "sparseness": 0.9938461538461538,
    "rate_of_fire": 7.573333333333333
  },
  "layer3": {
    "rsync": 0.007232963859992006,
    "mean_sc": 7.526666666666666,
    "max_sc": 22.0,
    "sparseness": 0.9939046822742474,
    "rate_of_fire": 7.526666666666666
  }
}