{
  "layer1": {
    "rsync": 0.008827143660607877,
    "mean_sc": 8.673333333333334,
    "max_sc": 26.0,
    "sparseness": 0.9924665551839464,
    "rate_of_fire": 8.673333333333334
  },
  "layer2": {
    "rsync": 0.00831278381377955,
    "mean_sc": 6.933333333333334,
    "max_sc": 24.0,
    "sparseness": 0.9946488294314381,
    "rate_of_fire": 6.933333333333334
  },
  "layer3": {
    "rsync": 0.013366089839781775,
    "mean_sc": 7.966666666666667,
    "max_sc": 30.0,
    "sparseness": 0.9933528428093645,
    "rate_of_fire": 7.966666666666667
  }
}