{
  "layer1": {
    "rsync": 0.007908369631333215,
    "mean_sc": 7.74,
    "max_sc": 22.0,
    "sparseness": 0.9936371237458194,
    "rate_of_fire": 7.74
  },
  "layer2": {
    "rsync": 0.008121903281421745,
    "mean_sc": 7.96,
    "max_sc": 22.0,
    "sparseness": 0.9933612040133779,
    "rate_of_fire": 7.96
  },
  "layer3": {
    "rsync": 0.008465488316652265,
    "mean_sc": 8.066666666666666,
    "max_sc": 22.0,
    "sparseness": 0.9932274247491638,
    "rate_of_fire": 8.066666666666666
  }
}