{
  "layer1": {
    "rsync": 0.00831172358434451,
    "mean_sc": 8.033333333333333,
    "max_sc": 26.0,
    "sparseness": 0.9932692307692308,
    "rate_of_fire": 8.033333333333333
  },
  "layer2": {
    "rsync": 0.008442253999685725,
    "mean_sc": 7.993333333333333,
    "max_sc": 26.0,
    "sparseness": 0.993319397993311,
    "rate_of_fire": 7.993333333333333
  },
  "layer3": {
    "rsync": 0.00837376288536795,
    "mean_sc": 7.973333333333334,
    "max_sc": 26.0,
    "sparseness": 0.9933444816053512,
    "rate_of_fire": 7.973333333333334
  }
}