{
  "layer1": {
    "rsync": 0.007475136874424466,
    "mean_sc": 7.613333333333333,
    "max_sc": 22.0,
    "sparseness": 0.9937959866220736,
    "rate_of_fire": 7.613333333333333
  },
  "layer2": {
    "rsync": 0.0073240764323468524,
    "mean_sc": 7.6066666666666665,
    "max_sc": 22.0,
    "sparseness": 0.993804347826087,
    "rate_of_fire": 7.6066666666666665
  },
  "layer3": {
    "rsync": 0.007263459153292562,
    "mean_sc": 7.593333333333334,
    "max_sc": 22.0,
    "sparseness": 0.9938210702341137,
    "rate_of_fire": 7.593333333333334
  }
}