{
  "layer1": {
    "rsync": 0.008319048122904177,
    "mean_sc": 8.04,
    "max_sc": 26.0,
    "sparseness": 0.9932608695652173,
    "rate_of_fire": 8.04
  },
  "layer2": {
    "rsync": 0.008257814082128329,
    "mean_sc": 7.053333333333334,
    "max_sc": 26.0,
    "sparseness": 0.9944983277591972,
    "rate_of_fire": 7.053333333333334
  },
  "layer3": {
    "rsync": 0.008013994676571004,
    "mean_sc": 6.326666666666667,
    "max_sc": 26.0,
    "sparseness": 0.9954096989966555,
    "rate_of_fire": 6.326666666666667
  }
}