{
  "layer1": {
    "rsync": 0.00831172358434451,
    "mean_sc": 8.033333333333333,
    "max_sc": 26.0,
    "sparseness": 0.9932692307692308,
    "rate_of_fire": 8.033333333333333
  },
  "layer2": {
    "rsync": 0.008311354023735743,
    "mean_sc": 7.886666666666667,
    "max_sc": 26.0,
    "sparseness": 0.9934531772575251,
    "rate_of_fire": 7.886666666666667
  },
  "layer3": {
    "rsync": 0.008278956680490727,
    "mean_sc": 7.82,
    "max_sc": 26.0,
    "sparseness": 0.9935367892976589,
    "rate_of_fire": 7.82
  }
}