{
  "layer1": {
    "rsync": 0.008326846510066906,
    "mean_sc": 8.226666666666667,
    "max_sc": 26.0,
    "sparseness": 0.9930267558528428,
    "rate_of_fire": 8.226666666666667
  },
  "layer2": {
    "rsync": 0.008502641982927902,
    "mean_sc": 8.326666666666666,
    "max_sc": 26.0,
    "sparseness": 0.9929013377926421,
    "rate_of_fire": 8.326666666666666
  },
  "layer3": {
    "rsync": 0.008677608778672543,
    "mean_sc": 8.453333333333333,
    "max_sc": 26.0,
    "sparseness": 0.992742474916388,
    "rate_of_fire": 8.453333333333333
  }
}