{
  "layer1": {
    "rsync": 0.008151725677590182,
    "mean_sc": 7.833333333333333,
    "max_sc": 22.0,
    "sparseness": 0.9935200668896321,
    "rate_of_fire": 7.833333333333333
  },
  "layer2": {
    "rsync": 0.0,
    "mean_sc": 0.0,
    "max_sc": 0.0,
    "sparseness": 0.0,
    "rate_of_fire": 0.0
  },
  "layer3": {
    "rsync": 0.0,
    "mean_sc": 0.0,
    "max_sc": 0.0,
    "sparseness": 0.0,
    "rate_of_fire": 0.0
  }
}