{
  "layer1": {
    "rsync": 0.019287511739498133,
    "mean_sc": 20.84,
    "max_sc": 52.0,
    "sparseness": 0.9772073578595317,
    "rate_of_fire": 20.84
  },
  "layer2": {
    "rsync": 0.020211801415570805,
    "mean_sc": 16.3,
    "max_sc": 62.0,
    "sparseness": 0.9829013377926421,
    "rate_of_fire": 16.3
  },
  "layer3": {
    "rsync": 0.03378203794059818,
    "mean_sc": 22.22,
    "max_sc": 66.0,
    "sparseness": 0.9754765886287625,
    "rate_of_fire": 22.22
  }
}