{
  "layer1": {
    "rsync": 0.021474964266579286,
    "mean_sc": 21.64666666666667,
    "max_sc": 48.0,
    "sparseness": 0.976195652173913,
    "rate_of_fire": 21.64666666666667
  },
  "layer2": {
    "rsync": 0.026124810552834703,
    "mean_sc": 24.06,
    "max_sc": 48.0,
    "sparseness": 0.9731688963210703,
    "rate_of_fire": 24.06
  },
  "layer3": {
    "rsync": 0.029121222248091168,
    "mean_sc": 25.906666666666666,
    "max_sc": 48.0,
    "sparseness": 0.9708528428093646,
    "rate_of_fire": 25.906666666666666
  }
}