{
  "layer1": {
    "rsync": 0.01622426915674152,
    "mean_sc": 18.68,
    "max_sc": 50.0,
    "sparseness": 0.9799163879598662,
    "rate_of_fire": 18.68
  },
  "layer2": {
    "rsync": 0.016175573654443227,
    "mean_sc": 18.633333333333333,
    "max_sc": 50.0,
    "sparseness": 0.9799749163879597,
    "rate_of_fire": 18.633333333333333
  },
  "layer3": {
    "rsync": 0.015910297627456656,
    "mean_sc": 18.6,
    "max_sc": 50.0,
    "sparseness": 0.9800167224080267,
    "rate_of_fire": 18.6
  }
}