{
  "layer1": {
    "rsync": 0.016713774931373174,
    "mean_sc": 19.086666666666666,
    "max_sc": 46.0,
    "sparseness": 0.9794063545150502,
    "rate_of_fire": 19.086666666666666
  },
  "layer2": {
    "rsync": 0.0,
    "mean_sc": 0.0,
    "max_sc": 0.0,
    "sparseness": 0.0,
    "rate_of_fire": 0.0
  },
  "layer3": {
    "rsync": 0.0,
    "mean_sc": 0.0,
    "max_sc": 0.0,
    "sparseness": 0.0,
    "rate_of_fire": 0.0
  }
}