{
  "layer1": {
    "rsync": 0.02040511797768902,
    "mean_sc": 21.493333333333332,
    "max_sc": 50.0,
    "sparseness": 0.9763879598662206,
    "rate_of_fire": 21.493333333333332
  },
  "layer2": {
    "rsync": 0.024301444777734542,
    "mean_sc": 24.013333333333332,
    "max_sc": 50.0,
    "sparseness": 0.9732274247491638,
    "rate_of_fire": 24.013333333333332
  },
  "layer3": {
    "rsync": 0.027671746624989894,
    "mean_sc": 25.846666666666668,
    "max_sc": 50.0,
    "sparseness": 0.9709280936454848,
    "rate_of_fire": 25.846666666666668
  }
}