{
  "layer1": {
    "rsync": 0.01667129851500863,
    "mean_sc": 19.18,
    "max_sc": 48.0,
    "sparseness": 0.9792892976588629,
    "rate_of_fire": 19.18
  },
  "layer2": {
    "rsync": 0.01707956569693265,
    "mean_sc": 19.346666666666668,
    "max_sc": 48.0,
    "sparseness": 0.9790802675585284,
    "rate_of_fire": 19.346666666666668
  },
  "layer3": {
    "rsync": 0.01707320865598939,
    "mean_sc": 19.58,
    "max_sc": 48.0,
    "sparseness": 0.9787876254180602,
    "rate_of_fire": 19.58
  }
}