{
  "layer1": {
    "rsync": 0.020918367972585426,
    "mean_sc": 21.34,
    "max_sc": 58.0,
    "sparseness": 0.9765802675585283,
    "rate_of_fire": 21.34
  },
  "layer2": {
    "rsync": 0.026684638783933592,
    "mean_sc": 22.98,
    "max_sc": 60.0,
    "sparseness": 0.9745234113712374,
    "rate_of_fire": 22.98
  },
  "layer3": {
    "rsync": 0.033831780062619485,
    "mean_sc": 24.14,
    "max_sc": 66.0,
    "sparseness": 0.9730685618729097,
    "rate_of_fire": 24.14
  }
}