{
  "layer1": {
    "rsync": 0.01643906490176953,
    "mean_sc": 18.946666666666665,
    "max_sc": 48.0,
    "sparseness": 0.9795819397993312,
    "rate_of_fire": 18.946666666666665
  },
  "layer2": {
    "rsync": 0.01649414719306576,
    "mean_sc": 18.9,
    "max_sc": 48.0,
    "sparseness": 0.9796404682274247,
    "rate_of_fire": 18.9
  },
  "layer3": {
    "rsync": 0.016197094507191843,
    "mean_sc": 18.873333333333335,
    "max_sc": 48.0,
    "sparseness": 0.9796739130434782,
    "rate_of_fire": 18.873333333333335
  }
}