{
  "layer1": {
    "rsync": 0.01651085399565854,
    "mean_sc": 18.873333333333335,
    "max_sc": 46.0,
    "sparseness": 0.9796739130434782,
    "rate_of_fire": 18.873333333333335
  },
  "layer2": {
    "rsync": 0.0,
    "mean_sc": 0.0,
    "max_sc": 0.0,
    "sparseness": 0.0,
    "rate_of_fire": 0.0
  },
  "layer3": {
    "rsync": 0.0,
    "mean_sc": 0.0,
    "max_sc": 0.0,
    "sparseness": 0.0,
    "rate_of_fire": 0.0
  }
}