{
  "layer1": {
    "rsync": 0.016571300780092512,
    "mean_sc": 19.053333333333335,
    "max_sc": 48.0,
    "sparseness": 0.979448160535117,
    "rate_of_fire": 19.053333333333335
  },
  "layer2": {
    "rsync": 0.014263320304707465,
    "mean_sc": 16.26,
    "max_sc": 48.0,
    "sparseness": 0.9829515050167223,
    "rate_of_fire": 16.26
  },
  "layer3": {
    "rsync": 0.012372135128395037,
    "mean_sc": 14.74,
    "max_sc": 48.0,
    "sparseness": 0.9848578595317725,
    "rate_of_fire": 14.74
  }
}