{
  "layer1": {
    "rsync": 0.01643906490176953,
    "mean_sc": 18.946666666666665,
    "max_sc": 48.0,
    "sparseness": 0.9795819397993312,
    "rate_of_fire": 18.946666666666665
  },
  "layer2": {
    "rsync": 0.016234966142233208,
    "mean_sc": 18.34,
    "max_sc": 48.0,
    "sparseness": 0.9803428093645485,
    "rate_of_fire": 18.34
  },
  "layer3": {
    "rsync": 0.015692501811649058,
    "mean_sc": 17.72,
    "max_sc": 48.0,
    "sparseness": 0.9811204013377927,
    "rate_of_fire": 17.72
  }
}