{
  "layer1": {
    "rsync": 0.016537723335195025,
    "mean_sc": 18.633333333333333,
    "max_sc": 50.0,
    "sparseness": 0.9799749163879597,
    "rate_of_fire": 18.633333333333333
  },
  "layer2": {
    "rsync": 0.017311451809257354,
    "mean_sc": 18.786666666666665,
    "max_sc": 50.0,
    "sparseness": 0.9797826086956521,
    "rate_of_fire": 18.786666666666665
  },
  "layer3": {
    "rsync": 0.01751208256347299,
    "mean_sc": 18.85333333333333,
    "max_sc": 50.0,
    "sparseness": 0.9796989966555184,
    "rate_of_fire": 18.85333333333333
  }
}