{
  "layer1": {
    "rsync": 0.017053193497295845,
    "mean_sc": 18.686666666666667,
    "max_sc": 48.0,
    "sparseness": 0.9799080267558528,
    "rate_of_fire": 18.686666666666667
  },
  "layer2": {
    "rsync": 0.01674556796144548,
    "mean_sc": 18.66,
    "max_sc": 48.0,
    "sparseness": 0.9799414715719063,
    "rate_of_fire": 18.66
  },
  "layer3": {
    "rsync": 0.01709393597313365,
    "mean_sc": 18.593333333333334,
    "max_sc": 48.0,
    "sparseness": 0.9800250836120401,
    "rate_of_fire": 18.593333333333334
  }
}