{
  "layer1": {
    "rsync": 0.01598886309631176,
    "mean_sc": 19.173333333333332,
    "max_sc": 48.0,
    "sparseness": 0.9792976588628762,
    "rate_of_fire": 19.173333333333332
  },
  "layer2": {
    "rsync": 0.0,
    "mean_sc": 0.0,
    "max_sc": 0.0,
    "sparseness": 0.0,
    "rate_of_fire": 0.0
  },
  "layer3": {
    "rsync": 0.0,
    "mean_sc": 0.0,
    "max_sc": 0.0,
    "sparseness": 0.0,
    "rate_of_fire": 0.0
  }
}