{
  "layer1": {
    "rsync": 0.015418532378006906,
    "mean_sc": 18.473333333333333,
    "max_sc": 48.0,
    "sparseness": 0.980175585284281,
    "rate_of_fire": 18.473333333333333
  },
  "layer2": {
    "rsync": 0.0,
    "mean_sc": 0.0,
    "max_sc": 0.0,
    "sparseness": 0.0,
    "rate_of_fire": 0.0
  },
  "layer3": {
    "rsync": 0.0,
    "mean_sc": 0.0,
    "max_sc": 0.0,
    "sparseness": 0.0,
    "rate_of_fire": 0.0
  }
}