{
  "layer1": {
    "rsync": 0.03055711368714866,
    "mean_sc": 26.58,
    "max_sc": 62.0,
    "sparseness": 0.9700083612040133,
    "rate_of_fire": 26.58
  },
  "layer2": {
    "rsync": 0.03296893505490505,
    "mean_sc": 25.533333333333335,
    "max_sc": 62.0,
    "sparseness": 0.9713210702341136,
    "rate_of_fire": 25.533333333333335
  },
  "layer3": {
    "rsync": 0.028724852825524512,
    "mean_sc": 20.633333333333333,
    "max_sc": 62.0,
    "sparseness": 0.9774665551839464,
    "rate_of_fire": 20.633333333333333
  }
}