{
  "layer1": {
    "rsync": 0.01736285584492548,
    "mean_sc": 19.04,
    "max_sc": 50.0,
    "sparseness": 0.9794648829431437,
    "rate_of_fire": 19.04
  },
  "layer2": {
    "rsync": 0.016219000635108952,
    "mean_sc": 18.08,
    "max_sc": 52.0,
    "sparseness": 0.9806688963210702,
    "rate_of_fire": 18.08
  },
  "layer3": {
    "rsync": 0.015559231095008988,
    "mean_sc": 16.926666666666666,
    "max_sc": 52.0,
    "sparseness": 0.9821153846153845,
    "rate_of_fire": 16.926666666666666
  }
}