{
  "layer1": {
    "rsync": 0.017261660409884493,
    "mean_sc": 19.006666666666668,
    "max_sc": 48.0,
    "sparseness": 0.9795066889632107,
    "rate_of_fire": 19.006666666666668
  },
  "layer2": {
    "rsync": 0.017158911955388975,
    "mean_sc": 19.14666666666667,
    "max_sc": 48.0,
    "sparseness": 0.9793311036789297,
    "rate_of_fire": 19.14666666666667
  },
  "layer3": {
    "rsync": 0.0176245163228629,
    "mean_sc": 19.32,
    "max_sc": 48.0,
    "sparseness": 0.9791137123745819,
    "rate_of_fire": 19.32
  }
}