{
  "layer1": {
    "rsync": 0.020990989876856162,
    "mean_sc": 21.46,
    "max_sc": 48.0,
    "sparseness": 0.9764297658862876,
    "rate_of_fire": 21.46
  },
  "layer2": {
    "rsync": 0.023846862156911296,
    "mean_sc": 23.553333333333335,
    "max_sc": 48.0,
    "sparseness": 0.9738043478260869,
    "rate_of_fire": 23.553333333333335
  },
  "layer3": {
    "rsync": 0.027119410720890125,
    "mean_sc": 25.35333333333333,
    "max_sc": 48.0,
    "sparseness": 0.9715468227424748,
    "rate_of_fire": 25.35333333333333
  }
}