{
  "layer1": {
    "rsync": 0.019622911809683546,
    "mean_sc": 20.8,
    "max_sc": 50.0,
    "sparseness": 0.977257525083612,
    "rate_of_fire": 20.8
  },
  "layer2": {
    "rsync": 0.023579919941613167,
    "mean_sc": 22.88,
    "max_sc": 50.0,
    "sparseness": 0.9746488294314382,
    "rate_of_fire": 22.88
  },
  "layer3": {
    "rsync": 0.026993592634433107,
    "mean_sc": 24.58,
    "max_sc": 50.0,
    "sparseness": 0.9725167224080267,
    "rate_of_fire": 24.58
  }
}