{
  "layer1": {
    "rsync": 0.016306959928957483,
    "mean_sc": 18.413333333333334,
    "max_sc": 50.0,
    "sparseness": 0.9802508361204013,
    "rate_of_fire": 18.413333333333334
  },
  "layer2": {
    "rsync": 0.016652900853445972,
    "mean_sc": 18.346666666666668,
    "max_sc": 50.0,
    "sparseness": 0.980334448160535,
    "rate_of_fire": 18.346666666666668
  },
  "layer3": {
    "rsync": 0.01685598693139102,
    "mean_sc": 18.293333333333333,
    "max_sc": 50.0,
    "sparseness": 0.980401337792642,
    "rate_of_fire": 18.293333333333333
  }
}