{
  "layer1": {
    "rsync": 0.017053193497295845,
    "mean_sc": 18.686666666666667,
    "max_sc": 48.0,
    "sparseness": 0.9799080267558528,
    "rate_of_fire": 18.686666666666667
  },
  "layer2": {
    "rsync": 0.016312965406414328,
    "mean_sc": 17.986666666666668,
    "max_sc": 48.0,
    "sparseness": 0.9807859531772575,
    "rate_of_fire": 17.986666666666668
  },
  "layer3": {
    "rsync": 0.016550214810718427,
    "mean_sc": 17.46,
    "max_sc": 48.0,
    "sparseness": 0.9814464882943144,
    "rate_of_fire": 17.46
  }
}