{
  "layer1": {
    "rsync": 0.021574211469371503,
    "mean_sc": 21.486666666666668,
    "max_sc": 54.0,
    "sparseness": 0.9763963210702341,
    "rate_of_fire": 21.486666666666668
  },
  "layer2": {
    "rsync": 0.027107413864587697,
    "mean_sc": 22.346666666666668,
    "max_sc": 56.0,
    "sparseness": 0.9753177257525083,
    "rate_of_fire": 22.346666666666668
  },
  "layer3": {
    "rsync": 0.03575587606410728,
    "mean_sc": 27.666666666666668,
    "max_sc": 64.0,
    "sparseness": 0.9686454849498328,
    "rate_of_fire": 27.666666666666668
  }
}